[
   {
      "question":"150/3",
      "question_title":"",
      "question_image":"",
      "wrong_answer_text":"",
      "right_answer_text":"",
      "question_hint":"",
      "explanation":"",
      "user_explanation":"",
      "type":"radio",
      "published":"1",
      "create_date":"0000-00-00 00:00:00",
      "not_influence_to_score":"",
      "weight":"1",
      "options":"",
      "category":"Uncategorized",
      "answers":[
         {
            "answer":"60",
            "image":"",
            "correct":"0",
            "ordering":"1",
            "weight":"1",
            "keyword":"A",
            "placeholder":""
         },
         {
            "answer":"50",
            "image":"",
            "correct":"1",
            "ordering":"2",
            "weight":"2",
            "keyword":"A",
            "placeholder":""
         },
         {
            "answer":"100",
            "image":"",
            "correct":"0",
            "ordering":"3",
            "weight":"1",
            "keyword":"A",
            "placeholder":""
         }
      ]
   },
   {
      "question":"10+20",
      "question_title":"",
      "question_image":"",
      "wrong_answer_text":"",
      "right_answer_text":"",
      "question_hint":"",
      "explanation":"",
      "user_explanation":"",
      "type":"radio",
      "published":"1",
      "create_date":"0000-00-00 00:00:00",
      "not_influence_to_score":"",
      "weight":"1",
      "options":"",
      "category":"Uncategorized",
      "answers":[
         {
            "answer":"30",
            "image":"",
            "correct":"1",
            "ordering":"1",
            "weight":"2",
            "keyword":"A",
            "placeholder":""
         },
         {
            "answer":"40",
            "image":"",
            "correct":"0",
            "ordering":"2",
            "weight":"1",
            "keyword":"A",
            "placeholder":""
         },
         {
            "answer":"50",
            "image":"",
            "correct":"0",
            "ordering":"3",
            "weight":"1",
            "keyword":"A",
            "placeholder":""
         }
      ]
   },
   {
      "question":"5*40",
      "question_title":"",
      "question_image":"",
      "wrong_answer_text":"",
      "right_answer_text":"",
      "question_hint":"",
      "explanation":"",
      "user_explanation":"",
      "type":"radio",
      "published":"1",
      "create_date":"0000-00-00 00:00:00",
      "not_influence_to_score":"",
      "weight":"1",
      "options":"",
      "category":"Uncategorized",
      "answers":[
         {
            "answer":"300",
            "image":"",
            "correct":"0",
            "ordering":"1",
            "weight":"1",
            "keyword":"A",
            "placeholder":""
         },
         {
            "answer":"100",
            "image":"",
            "correct":"0",
            "ordering":"2",
            "weight":"1",
            "keyword":"A",
            "placeholder":""
         },
         {
            "answer":"200",
            "image":"",
            "correct":"1",
            "ordering":"3",
            "weight":"2",
            "keyword":"A",
            "placeholder":""
         }
      ]
   }
]
